#station_name;Waterloo_P
#station_no;WAT_4_ZRG
#stationparameter_name;N
#parametertype_name;N
#ts_name;P.60
#ts_unitname;millimeter
Date,Hour,Value,Quality Code,Absolute Value,AV Quality Code
vén 1 djanvî 2016,00,0.03,130,,
vén 1 djanvî 2016,01,0,130,,
vén 1 djanvî 2016,02,0,130,,
vén 1 djanvî 2016,03,0,130,,
vén 1 djanvî 2016,04,0,130,,
vén 1 djanvî 2016,05,0,130,,
vén 1 djanvî 2016,06,0,130,,
vén 1 djanvî 2016,07,0,130,,
vén 1 djanvî 2016,08,0,130,,
vén 1 djanvî 2016,09,0,130,,
vén 1 djanvî 2016,10,0,130,,
vén 1 djanvî 2016,11,0,130,,
vén 1 djanvî 2016,12,0,130,,
vén 1 djanvî 2016,13,0,130,,
vén 1 djanvî 2016,14,0,130,,
vén 1 djanvî 2016,15,0,130,,
vén 1 djanvî 2016,16,0,130,,
vén 1 djanvî 2016,17,0,130,,
vén 1 djanvî 2016,18,0,130,,
vén 1 djanvî 2016,19,0,130,,
vén 1 djanvî 2016,20,0,130,,
vén 1 djanvî 2016,21,0,130,,
vén 1 djanvî 2016,22,0,130,,
vén 1 djanvî 2016,23,0,130,,
sem 2 djanvî 2016,00,0,130,,
sem 2 djanvî 2016,01,0,130,,
sem 2 djanvî 2016,02,0.07,130,,
sem 2 djanvî 2016,03,0.29,130,,
sem 2 djanvî 2016,04,0.96,130,,
sem 2 djanvî 2016,05,0.93,130,,
sem 2 djanvî 2016,06,0.28,130,,
sem 2 djanvî 2016,07,0,130,,
sem 2 djanvî 2016,08,0,130,,
sem 2 djanvî 2016,09,0,130,,
sem 2 djanvî 2016,10,0,130,,
sem 2 djanvî 2016,11,0,130,,
sem 2 djanvî 2016,12,0,130,,
sem 2 djanvî 2016,13,0,130,,
sem 2 djanvî 2016,14,0,130,,
sem 2 djanvî 2016,15,0,130,,
sem 2 djanvî 2016,16,0,130,,
sem 2 djanvî 2016,17,0,130,,
sem 2 djanvî 2016,18,0.38,130,,
sem 2 djanvî 2016,19,0.46,130,,
sem 2 djanvî 2016,20,0.08,130,,
sem 2 djanvî 2016,21,0.09,130,,
sem 2 djanvî 2016,22,0.07,130,,
sem 2 djanvî 2016,23,0.98,130,,
dim 3 djanvî 2016,00,0.93,130,,
dim 3 djanvî 2016,01,0.98,130,,
dim 3 djanvî 2016,02,0.15,130,,
dim 3 djanvî 2016,03,0,130,,
dim 3 djanvî 2016,04,0,130,,
dim 3 djanvî 2016,05,0,130,,
dim 3 djanvî 2016,06,0,130,,
dim 3 djanvî 2016,07,0,130,,
dim 3 djanvî 2016,08,0,130,,
dim 3 djanvî 2016,09,0,130,,
dim 3 djanvî 2016,10,0,130,,
dim 3 djanvî 2016,11,0,130,,
dim 3 djanvî 2016,12,0,130,,
dim 3 djanvî 2016,13,0.07,130,,
dim 3 djanvî 2016,14,0.2,130,,
dim 3 djanvî 2016,15,0.57,130,,
dim 3 djanvî 2016,16,1.32,130,,
dim 3 djanvî 2016,17,3.5,130,,
dim 3 djanvî 2016,18,2.21,130,,
dim 3 djanvî 2016,19,2.35,130,,
dim 3 djanvî 2016,20,2.16,130,,
dim 3 djanvî 2016,21,1.1,130,,
dim 3 djanvî 2016,22,0.11,130,,
dim 3 djanvî 2016,23,0.07,130,,
lon 4 djanvî 2016,00,0,130,,
lon 4 djanvî 2016,01,0,130,,
lon 4 djanvî 2016,02,0,130,,
lon 4 djanvî 2016,03,0,130,,
lon 4 djanvî 2016,04,0.05,130,,
lon 4 djanvî 2016,05,0,130,,
lon 4 djanvî 2016,06,0,130,,
lon 4 djanvî 2016,07,0,130,,
lon 4 djanvî 2016,08,0,130,,
lon 4 djanvî 2016,09,0,130,,
lon 4 djanvî 2016,10,0.03,130,,
lon 4 djanvî 2016,11,0.03,130,,
lon 4 djanvî 2016,12,0,130,,
lon 4 djanvî 2016,13,0,130,,
lon 4 djanvî 2016,14,0,130,,
lon 4 djanvî 2016,15,0.03,130,,
lon 4 djanvî 2016,16,0,130,,
lon 4 djanvî 2016,17,0.19,130,,
lon 4 djanvî 2016,18,0.3,130,,
lon 4 djanvî 2016,19,0,130,,
lon 4 djanvî 2016,20,0,130,,
lon 4 djanvî 2016,21,0.03,130,,
lon 4 djanvî 2016,22,0,130,,
lon 4 djanvî 2016,23,0,130,,
mår 5 djanvî 2016,00,0,130,,
mår 5 djanvî 2016,01,0,130,,
mår 5 djanvî 2016,02,0,130,,
mår 5 djanvî 2016,03,0,130,,
mår 5 djanvî 2016,04,0,130,,
mår 5 djanvî 2016,05,0,130,,
mår 5 djanvî 2016,06,0,130,,
mår 5 djanvî 2016,07,0,130,,
mår 5 djanvî 2016,08,0,130,,
mår 5 djanvî 2016,09,0,130,,
mår 5 djanvî 2016,10,0,130,,
mår 5 djanvî 2016,11,0,130,,
mår 5 djanvî 2016,12,0,130,,
mår 5 djanvî 2016,13,0,130,,
mår 5 djanvî 2016,14,0,130,,
mår 5 djanvî 2016,15,0,130,,
mår 5 djanvî 2016,16,0,130,,
mår 5 djanvî 2016,17,0,130,,
mår 5 djanvî 2016,18,0,130,,
mår 5 djanvî 2016,19,0,130,,
mår 5 djanvî 2016,20,0,130,,
mår 5 djanvî 2016,21,0,130,,
mår 5 djanvî 2016,22,0,130,,
mår 5 djanvî 2016,23,0,130,,
mie 6 djanvî 2016,00,0,130,,
mie 6 djanvî 2016,01,0,130,,
mie 6 djanvî 2016,02,0,130,,
mie 6 djanvî 2016,03,0,130,,
mie 6 djanvî 2016,04,0,130,,
mie 6 djanvî 2016,05,0,130,,
mie 6 djanvî 2016,06,0.31,130,,
mie 6 djanvî 2016,07,0.19,130,,
mie 6 djanvî 2016,08,0,130,,
mie 6 djanvî 2016,09,0,130,,
mie 6 djanvî 2016,10,0.03,130,,
mie 6 djanvî 2016,11,0,130,,
mie 6 djanvî 2016,12,0,130,,
mie 6 djanvî 2016,13,0,130,,
mie 6 djanvî 2016,14,0,130,,
mie 6 djanvî 2016,15,0,130,,
mie 6 djanvî 2016,16,0,130,,
mie 6 djanvî 2016,17,0,130,,
mie 6 djanvî 2016,18,0,130,,
mie 6 djanvî 2016,19,0,130,,
mie 6 djanvî 2016,20,0,130,,
mie 6 djanvî 2016,21,0,130,,
mie 6 djanvî 2016,22,0,130,,
mie 6 djanvî 2016,23,0,130,,
dju 7 djanvî 2016,00,0,130,,
dju 7 djanvî 2016,01,0,130,,
dju 7 djanvî 2016,02,0,130,,
dju 7 djanvî 2016,03,0,130,,
dju 7 djanvî 2016,04,0,130,,
dju 7 djanvî 2016,05,0,130,,
dju 7 djanvî 2016,06,0,130,,
dju 7 djanvî 2016,07,0,130,,
dju 7 djanvî 2016,08,0.35,130,,
dju 7 djanvî 2016,09,2.21,130,,
dju 7 djanvî 2016,10,3.23,130,,
dju 7 djanvî 2016,11,2.69,130,,
dju 7 djanvî 2016,12,1.98,130,,
dju 7 djanvî 2016,13,1.86,130,,
dju 7 djanvî 2016,14,0,130,,
dju 7 djanvî 2016,15,0.31,130,,
dju 7 djanvî 2016,16,0.35,130,,
dju 7 djanvî 2016,17,0,130,,
dju 7 djanvî 2016,18,0,130,,
dju 7 djanvî 2016,19,0,130,,
dju 7 djanvî 2016,20,0,130,,
dju 7 djanvî 2016,21,0,130,,
dju 7 djanvî 2016,22,0,130,,
dju 7 djanvî 2016,23,0,130,,
lon 1 fevrî 2016,00,0,130,,
lon 1 fevrî 2016,01,0,130,,
lon 1 fevrî 2016,02,0,130,,
lon 1 fevrî 2016,03,0,130,,
lon 1 fevrî 2016,04,0,130,,
lon 1 fevrî 2016,05,0,130,,
lon 1 fevrî 2016,06,0,130,,
lon 1 fevrî 2016,07,0,130,,
lon 1 fevrî 2016,08,0,130,,
lon 1 fevrî 2016,09,0,130,,
lon 1 fevrî 2016,10,0,130,,
lon 1 fevrî 2016,11,0,130,,
lon 1 fevrî 2016,12,0,130,,
lon 1 fevrî 2016,13,0,130,,
lon 1 fevrî 2016,14,0,130,,
lon 1 fevrî 2016,15,0,130,,
lon 1 fevrî 2016,16,0,130,,
lon 1 fevrî 2016,17,0.09,130,,
lon 1 fevrî 2016,18,0,130,,
lon 1 fevrî 2016,19,0,130,,
lon 1 fevrî 2016,20,0.26,130,,
lon 1 fevrî 2016,21,0.3,130,,
lon 1 fevrî 2016,22,0,130,,
lon 1 fevrî 2016,23,0,130,,
mår 2 fevrî 2016,00,0,130,,
mår 2 fevrî 2016,01,0,130,,
mår 2 fevrî 2016,02,0,130,,
mår 2 fevrî 2016,03,0,130,,
mår 2 fevrî 2016,04,0,130,,
mår 2 fevrî 2016,05,0,130,,
mår 2 fevrî 2016,06,0,130,,
mår 2 fevrî 2016,07,0,130,,
mår 2 fevrî 2016,08,0,130,,
mår 2 fevrî 2016,09,0,130,,
mår 2 fevrî 2016,10,0,130,,
mår 2 fevrî 2016,11,0.21,130,,
mår 2 fevrî 2016,12,0.13,130,,
mår 2 fevrî 2016,13,0.3,130,,
mår 2 fevrî 2016,14,0,130,,
mår 2 fevrî 2016,15,0,130,,
mår 2 fevrî 2016,16,0,130,,
mår 2 fevrî 2016,17,0,130,,
mår 2 fevrî 2016,18,0,130,,
mår 2 fevrî 2016,19,0,130,,
mår 2 fevrî 2016,20,0,130,,
mår 2 fevrî 2016,21,0,130,,
mår 2 fevrî 2016,22,0,130,,
mår 2 fevrî 2016,23,0,130,,
mie 3 fevrî 2016,00,0,130,,
mie 3 fevrî 2016,01,0,130,,
mie 3 fevrî 2016,02,0,130,,
mie 3 fevrî 2016,03,0,130,,
mie 3 fevrî 2016,04,0,130,,
mie 3 fevrî 2016,05,0,130,,
mie 3 fevrî 2016,06,0,130,,
mie 3 fevrî 2016,07,0,130,,
mie 3 fevrî 2016,08,0,130,,
mie 3 fevrî 2016,09,0,130,,
mie 3 fevrî 2016,10,0,130,,
mie 3 fevrî 2016,11,0,130,,
mie 3 fevrî 2016,12,1.67,130,,
mie 3 fevrî 2016,13,0.49,130,,
mie 3 fevrî 2016,14,0.3,130,,
mie 3 fevrî 2016,15,0,130,,
mie 3 fevrî 2016,16,0,130,,
mie 3 fevrî 2016,17,0,130,,
mie 3 fevrî 2016,18,0,130,,
mie 3 fevrî 2016,19,0,130,,
mie 3 fevrî 2016,20,0,130,,
mie 3 fevrî 2016,21,0,130,,
mie 3 fevrî 2016,22,0,130,,
mie 3 fevrî 2016,23,0,130,,
dju 4 fevrî 2016,00,0,130,,
dju 4 fevrî 2016,01,0,130,,
dju 4 fevrî 2016,02,0,130,,
dju 4 fevrî 2016,03,0,130,,
dju 4 fevrî 2016,04,0,130,,
dju 4 fevrî 2016,05,0,130,,
dju 4 fevrî 2016,06,0,130,,
dju 4 fevrî 2016,07,1.39,130,,
dju 4 fevrî 2016,08,1.92,130,,
dju 4 fevrî 2016,09,1.33,130,,
dju 4 fevrî 2016,10,0.11,130,,
dju 4 fevrî 2016,11,0,130,,
dju 4 fevrî 2016,12,0,130,,
dju 4 fevrî 2016,13,0,130,,
dju 4 fevrî 2016,14,0,130,,
dju 4 fevrî 2016,15,0,130,,
dju 4 fevrî 2016,16,0.18,130,,
dju 4 fevrî 2016,17,0,130,,
dju 4 fevrî 2016,18,0,130,,
dju 4 fevrî 2016,19,0,130,,
dju 4 fevrî 2016,20,0,130,,
dju 4 fevrî 2016,21,0,130,,
dju 4 fevrî 2016,22,0,130,,
dju 4 fevrî 2016,23,0,130,,
vén 5 fevrî 2016,00,0,130,,
vén 5 fevrî 2016,01,0,130,,
vén 5 fevrî 2016,02,0,130,,
vén 5 fevrî 2016,03,0,130,,
vén 5 fevrî 2016,04,0,130,,
vén 5 fevrî 2016,05,0,130,,
vén 5 fevrî 2016,06,0,130,,
vén 5 fevrî 2016,07,0,130,,
vén 5 fevrî 2016,08,0,130,,
vén 5 fevrî 2016,09,0,130,,
vén 5 fevrî 2016,10,0,130,,
vén 5 fevrî 2016,11,0,130,,
vén 5 fevrî 2016,12,0,130,,
vén 5 fevrî 2016,13,0,130,,
vén 5 fevrî 2016,14,0,130,,
vén 5 fevrî 2016,15,0,130,,
vén 5 fevrî 2016,16,0,130,,
vén 5 fevrî 2016,17,0,130,,
vén 5 fevrî 2016,18,0,130,,
vén 5 fevrî 2016,19,0,130,,
vén 5 fevrî 2016,20,0,130,,
vén 5 fevrî 2016,21,0,130,,
vén 5 fevrî 2016,22,0,130,,
vén 5 fevrî 2016,23,0,130,,
sem 6 fevrî 2016,00,0,130,,
sem 6 fevrî 2016,01,0,130,,
sem 6 fevrî 2016,02,0,130,,
sem 6 fevrî 2016,03,0,130,,
sem 6 fevrî 2016,04,0,130,,
sem 6 fevrî 2016,05,0,130,,
sem 6 fevrî 2016,06,0,130,,
sem 6 fevrî 2016,07,0,130,,
sem 6 fevrî 2016,08,0,130,,
sem 6 fevrî 2016,09,0,130,,
sem 6 fevrî 2016,10,0,130,,
sem 6 fevrî 2016,11,0,130,,
sem 6 fevrî 2016,12,0,130,,
sem 6 fevrî 2016,13,0,130,,
sem 6 fevrî 2016,14,0,130,,
sem 6 fevrî 2016,15,0,130,,
sem 6 fevrî 2016,16,0,130,,
sem 6 fevrî 2016,17,0,130,,
sem 6 fevrî 2016,18,0,130,,
sem 6 fevrî 2016,19,0,130,,
sem 6 fevrî 2016,20,0,130,,
sem 6 fevrî 2016,21,0,130,,
sem 6 fevrî 2016,22,0,130,,
sem 6 fevrî 2016,23,0,130,,
dim 7 fevrî 2016,00,0,130,,
dim 7 fevrî 2016,01,0,130,,
dim 7 fevrî 2016,02,0,130,,
dim 7 fevrî 2016,03,0.82,130,,
dim 7 fevrî 2016,04,0.67,130,,
dim 7 fevrî 2016,05,0,130,,
dim 7 fevrî 2016,06,0,130,,
dim 7 fevrî 2016,07,0,130,,
dim 7 fevrî 2016,08,0.63,130,,
dim 7 fevrî 2016,09,0,130,,
dim 7 fevrî 2016,10,0.04,130,,
dim 7 fevrî 2016,11,0,130,,
dim 7 fevrî 2016,12,0,130,,
dim 7 fevrî 2016,13,0.18,130,,
dim 7 fevrî 2016,14,0,130,,
dim 7 fevrî 2016,15,0,130,,
dim 7 fevrî 2016,16,0,130,,
dim 7 fevrî 2016,17,0,130,,
dim 7 fevrî 2016,18,0,130,,
dim 7 fevrî 2016,19,0,130,,
dim 7 fevrî 2016,20,0,130,,
dim 7 fevrî 2016,21,0,130,,
dim 7 fevrî 2016,22,0,130,,
dim 7 fevrî 2016,23,0.1,130,,
mår 1 måss 2016,00,0,130,,
mår 1 måss 2016,01,0,130,,
mår 1 måss 2016,02,0,130,,
mår 1 måss 2016,03,0,130,,
mår 1 måss 2016,04,0,130,,
mår 1 måss 2016,05,0,130,,
mår 1 måss 2016,06,0,130,,
mår 1 måss 2016,07,0,130,,
mår 1 måss 2016,08,0,130,,
mår 1 måss 2016,09,0.37,130,,
mår 1 måss 2016,10,0.26,130,,
mår 1 måss 2016,11,0.72,130,,
mår 1 måss 2016,12,0.58,130,,
mår 1 måss 2016,13,0,130,,
mår 1 måss 2016,14,1.41,130,,
mår 1 måss 2016,15,1.44,130,,
mår 1 måss 2016,16,0.3,130,,
mår 1 måss 2016,17,0.3,130,,
mår 1 måss 2016,18,0.6,130,,
mår 1 måss 2016,19,0.1,130,,
mår 1 måss 2016,20,0,130,,
mår 1 måss 2016,21,0,130,,
mår 1 måss 2016,22,0,130,,
mår 1 måss 2016,23,0,130,,
mie 2 måss 2016,00,0,130,,
mie 2 måss 2016,01,0,130,,
mie 2 måss 2016,02,0,130,,
mie 2 måss 2016,03,0,130,,
mie 2 måss 2016,04,0,130,,
mie 2 måss 2016,05,0.08,130,,
mie 2 måss 2016,06,2.46,130,,
mie 2 måss 2016,07,0.05,130,,
mie 2 måss 2016,08,0,130,,
mie 2 måss 2016,09,0,130,,
mie 2 måss 2016,10,0,130,,
mie 2 måss 2016,11,0,130,,
mie 2 måss 2016,12,0.04,130,,
mie 2 måss 2016,13,0.42,130,,
mie 2 måss 2016,14,0.3,130,,
mie 2 måss 2016,15,2.22,130,,
mie 2 måss 2016,16,0.37,130,,
mie 2 måss 2016,17,0.15,130,,
mie 2 måss 2016,18,0,130,,
mie 2 måss 2016,19,0,130,,
mie 2 måss 2016,20,0,130,,
mie 2 måss 2016,21,0,130,,
mie 2 måss 2016,22,0,130,,
mie 2 måss 2016,23,0,130,,
dju 3 måss 2016,00,0.43,130,,
dju 3 måss 2016,01,1.97,130,,
dju 3 måss 2016,02,0.93,130,,
dju 3 måss 2016,03,0.89,130,,
dju 3 måss 2016,04,0,130,,
dju 3 måss 2016,05,0.71,130,,
dju 3 måss 2016,06,0.52,130,,
dju 3 måss 2016,07,0,130,,
dju 3 måss 2016,08,0,130,,
dju 3 måss 2016,09,0.04,130,,
dju 3 måss 2016,10,0,130,,
dju 3 måss 2016,11,0.17,130,,
dju 3 måss 2016,12,0.04,130,,
dju 3 måss 2016,13,0,130,,
dju 3 måss 2016,14,0,130,,
dju 3 måss 2016,15,0,130,,
dju 3 måss 2016,16,0,130,,
dju 3 måss 2016,17,0,130,,
dju 3 måss 2016,18,0,130,,
dju 3 måss 2016,19,0,130,,
dju 3 måss 2016,20,0,130,,
dju 3 måss 2016,21,0,130,,
dju 3 måss 2016,22,0,130,,
dju 3 måss 2016,23,0,130,,
vén 4 måss 2016,00,0,130,,
vén 4 måss 2016,01,0,130,,
vén 4 måss 2016,02,0.25,130,,
vén 4 måss 2016,03,1.58,130,,
vén 4 måss 2016,04,2.37,130,,
vén 4 måss 2016,05,0.28,130,,
vén 4 måss 2016,06,1.92,130,,
vén 4 måss 2016,07,1.47,130,,
vén 4 måss 2016,08,2.8,130,,
vén 4 måss 2016,09,0.04,130,,
vén 4 måss 2016,10,0,130,,
vén 4 måss 2016,11,0.06,130,,
vén 4 måss 2016,12,0,130,,
vén 4 måss 2016,13,0,130,,
vén 4 måss 2016,14,0,130,,
vén 4 måss 2016,15,0,130,,
vén 4 måss 2016,16,0,130,,
vén 4 måss 2016,17,0,130,,
vén 4 måss 2016,18,0,130,,
vén 4 måss 2016,19,0,130,,
vén 4 måss 2016,20,0,130,,
vén 4 måss 2016,21,0,130,,
vén 4 måss 2016,22,0,130,,
vén 4 måss 2016,23,0,130,,
sem 5 måss 2016,00,0,130,,
sem 5 måss 2016,01,0,130,,
sem 5 måss 2016,02,0,130,,
sem 5 måss 2016,03,0,130,,
sem 5 måss 2016,04,0,130,,
sem 5 måss 2016,05,0,130,,
sem 5 måss 2016,06,0,130,,
sem 5 måss 2016,07,0,130,,
sem 5 måss 2016,08,0,130,,
sem 5 måss 2016,09,0,130,,
sem 5 måss 2016,10,0,130,,
sem 5 måss 2016,11,0,130,,
sem 5 måss 2016,12,0,130,,
sem 5 måss 2016,13,0,130,,
sem 5 måss 2016,14,0,130,,
sem 5 måss 2016,15,0,130,,
sem 5 måss 2016,16,0.57,130,,
sem 5 måss 2016,17,0.44,130,,
sem 5 måss 2016,18,1.47,130,,
sem 5 måss 2016,19,1.44,130,,
sem 5 måss 2016,20,1.53,130,,
sem 5 måss 2016,21,0.33,130,,
sem 5 måss 2016,22,0.04,130,,
sem 5 måss 2016,23,0,130,,
dim 6 måss 2016,00,0,130,,
dim 6 måss 2016,01,0.25,130,,
dim 6 måss 2016,02,1.65,130,,
dim 6 måss 2016,03,0.51,130,,
dim 6 måss 2016,04,0.32,130,,
dim 6 måss 2016,05,1.01,130,,
dim 6 måss 2016,06,0.8,130,,
dim 6 måss 2016,07,1.03,130,,
dim 6 måss 2016,08,4.66,130,,
dim 6 måss 2016,09,0.72,130,,
dim 6 måss 2016,10,1.22,130,,
dim 6 måss 2016,11,0.92,130,,
dim 6 måss 2016,12,0,130,,
dim 6 måss 2016,13,0.36,130,,
dim 6 måss 2016,14,0.05,130,,
dim 6 måss 2016,15,0,130,,
dim 6 måss 2016,16,0,130,,
dim 6 måss 2016,17,0,130,,
dim 6 måss 2016,18,0,130,,
dim 6 måss 2016,19,0.14,130,,
dim 6 måss 2016,20,1.47,130,,
dim 6 måss 2016,21,0,130,,
dim 6 måss 2016,22,0,130,,
dim 6 måss 2016,23,1.4,130,,
lon 7 måss 2016,00,0.1,130,,
lon 7 måss 2016,01,0,130,,
lon 7 måss 2016,02,0,130,,
lon 7 måss 2016,03,2.23,130,,
lon 7 måss 2016,04,0.9,130,,
lon 7 måss 2016,05,2,130,,
lon 7 måss 2016,06,1,130,,
lon 7 måss 2016,07,1.34,130,,
lon 7 måss 2016,08,0.6,130,,
lon 7 måss 2016,09,0.04,130,,
lon 7 måss 2016,10,0,130,,
lon 7 måss 2016,11,0,130,,
lon 7 måss 2016,12,0.28,130,,
lon 7 måss 2016,13,1.2,130,,
lon 7 måss 2016,14,1.1,130,,
lon 7 måss 2016,15,0.08,130,,
lon 7 måss 2016,16,0,130,,
lon 7 måss 2016,17,0,130,,
lon 7 måss 2016,18,0,130,,
lon 7 måss 2016,19,0,130,,
lon 7 måss 2016,20,0.05,130,,
lon 7 måss 2016,21,0,130,,
lon 7 måss 2016,22,0,130,,
lon 7 måss 2016,23,0,130,,
vén 1 avri 2016,00,0,130,,
vén 1 avri 2016,01,0,130,,
vén 1 avri 2016,02,0,130,,
vén 1 avri 2016,03,0,130,,
vén 1 avri 2016,04,0,130,,
vén 1 avri 2016,05,0,130,,
vén 1 avri 2016,06,0,130,,
vén 1 avri 2016,07,0,130,,
vén 1 avri 2016,08,0,130,,
vén 1 avri 2016,09,0,130,,
vén 1 avri 2016,10,0,130,,
vén 1 avri 2016,11,0,130,,
vén 1 avri 2016,12,0,130,,
vén 1 avri 2016,13,0,130,,
vén 1 avri 2016,14,0,130,,
vén 1 avri 2016,15,0,130,,
vén 1 avri 2016,16,0,130,,
vén 1 avri 2016,17,0,130,,
vén 1 avri 2016,18,0,130,,
vén 1 avri 2016,19,0,130,,
vén 1 avri 2016,20,0,130,,
vén 1 avri 2016,21,0,130,,
vén 1 avri 2016,22,0,130,,
vén 1 avri 2016,23,0,130,,
sem 2 avri 2016,00,0,130,,
sem 2 avri 2016,01,0,130,,
sem 2 avri 2016,02,0,130,,
sem 2 avri 2016,03,0,130,,
sem 2 avri 2016,04,0,130,,
sem 2 avri 2016,05,0,130,,
sem 2 avri 2016,06,0,130,,
sem 2 avri 2016,07,0,130,,
sem 2 avri 2016,08,0,130,,
sem 2 avri 2016,09,0,130,,
sem 2 avri 2016,10,0,130,,
sem 2 avri 2016,11,0,130,,
sem 2 avri 2016,12,0,130,,
sem 2 avri 2016,13,0,130,,
sem 2 avri 2016,14,0,130,,
sem 2 avri 2016,15,0,130,,
sem 2 avri 2016,16,0,130,,
sem 2 avri 2016,17,0,130,,
sem 2 avri 2016,18,0,130,,
sem 2 avri 2016,19,0,130,,
sem 2 avri 2016,20,0.17,130,,
sem 2 avri 2016,21,0.03,130,,
sem 2 avri 2016,22,0.2,130,,
sem 2 avri 2016,23,0.06,130,,
dim 3 avri 2016,00,0,130,,
dim 3 avri 2016,01,0,130,,
dim 3 avri 2016,02,0,130,,
dim 3 avri 2016,03,0,130,,
dim 3 avri 2016,04,0,130,,
dim 3 avri 2016,05,0,130,,
dim 3 avri 2016,06,0,130,,
dim 3 avri 2016,07,0,130,,
dim 3 avri 2016,08,0,130,,
dim 3 avri 2016,09,0.04,130,,
dim 3 avri 2016,10,0,130,,
dim 3 avri 2016,11,0,130,,
dim 3 avri 2016,12,0,130,,
dim 3 avri 2016,13,0,130,,
dim 3 avri 2016,14,0,130,,
dim 3 avri 2016,15,0,130,,
dim 3 avri 2016,16,0,130,,
dim 3 avri 2016,17,0,130,,
dim 3 avri 2016,18,0,130,,
dim 3 avri 2016,19,0,130,,
dim 3 avri 2016,20,0,130,,
dim 3 avri 2016,21,0,130,,
dim 3 avri 2016,22,0,130,,
dim 3 avri 2016,23,0,130,,
lon 4 avri 2016,00,0,130,,
lon 4 avri 2016,01,0.04,130,,
lon 4 avri 2016,02,0,130,,
lon 4 avri 2016,03,0,130,,
lon 4 avri 2016,04,0,130,,
lon 4 avri 2016,05,0,130,,
lon 4 avri 2016,06,0,130,,
lon 4 avri 2016,07,0.82,130,,
lon 4 avri 2016,08,1.63,130,,
lon 4 avri 2016,09,0.62,130,,
lon 4 avri 2016,10,0.81,130,,
lon 4 avri 2016,11,0,130,,
lon 4 avri 2016,12,0,130,,
lon 4 avri 2016,13,0,130,,
lon 4 avri 2016,14,0,130,,
lon 4 avri 2016,15,0,130,,
lon 4 avri 2016,16,0.34,130,,
lon 4 avri 2016,17,0,130,,
lon 4 avri 2016,18,0,130,,
lon 4 avri 2016,19,0,130,,
lon 4 avri 2016,20,0,130,,
lon 4 avri 2016,21,0,130,,
lon 4 avri 2016,22,0,130,,
lon 4 avri 2016,23,0,130,,
mår 5 avri 2016,00,0,130,,
mår 5 avri 2016,01,0,130,,
mår 5 avri 2016,02,0,130,,
mår 5 avri 2016,03,0,130,,
mår 5 avri 2016,04,0,130,,
mår 5 avri 2016,05,0,130,,
mår 5 avri 2016,06,0,130,,
mår 5 avri 2016,07,0,130,,
mår 5 avri 2016,08,0,130,,
mår 5 avri 2016,09,0,130,,
mår 5 avri 2016,10,0,130,,
mår 5 avri 2016,11,0,130,,
mår 5 avri 2016,12,0,130,,
mår 5 avri 2016,13,0,130,,
mår 5 avri 2016,14,0,130,,
mår 5 avri 2016,15,0,130,,
mår 5 avri 2016,16,0,130,,
mår 5 avri 2016,17,0,130,,
mår 5 avri 2016,18,0,130,,
mår 5 avri 2016,19,0,130,,
mår 5 avri 2016,20,0,130,,
mår 5 avri 2016,21,0,130,,
mår 5 avri 2016,22,0,130,,
mår 5 avri 2016,23,0,130,,
mie 6 avri 2016,00,0,130,,
mie 6 avri 2016,01,0,130,,
mie 6 avri 2016,02,0,130,,
mie 6 avri 2016,03,0,130,,
mie 6 avri 2016,04,0,130,,
mie 6 avri 2016,05,0,130,,
mie 6 avri 2016,06,0,130,,
mie 6 avri 2016,07,0,130,,
mie 6 avri 2016,08,0,130,,
mie 6 avri 2016,09,0,130,,
mie 6 avri 2016,10,0,130,,
mie 6 avri 2016,11,0,130,,
mie 6 avri 2016,12,0,130,,
mie 6 avri 2016,13,0.27,130,,
mie 6 avri 2016,14,0.48,130,,
mie 6 avri 2016,15,0.15,130,,
mie 6 avri 2016,16,1.02,130,,
mie 6 avri 2016,17,0,130,,
mie 6 avri 2016,18,0,130,,
mie 6 avri 2016,19,0,130,,
mie 6 avri 2016,20,0,130,,
mie 6 avri 2016,21,0,130,,
mie 6 avri 2016,22,0,130,,
mie 6 avri 2016,23,0,130,,
dju 7 avri 2016,00,0,130,,
dju 7 avri 2016,01,0,130,,
dju 7 avri 2016,02,0,130,,
dju 7 avri 2016,03,0,130,,
dju 7 avri 2016,04,0,130,,
dju 7 avri 2016,05,0,130,,
dju 7 avri 2016,06,0,130,,
dju 7 avri 2016,07,0,130,,
dju 7 avri 2016,08,0,130,,
dju 7 avri 2016,09,0,130,,
dju 7 avri 2016,10,0,130,,
dju 7 avri 2016,11,0,130,,
dju 7 avri 2016,12,0,130,,
dju 7 avri 2016,13,0,130,,
dju 7 avri 2016,14,0,130,,
dju 7 avri 2016,15,0,130,,
dju 7 avri 2016,16,0,130,,
dju 7 avri 2016,17,0,130,,
dju 7 avri 2016,18,0,130,,
dju 7 avri 2016,19,0,130,,
dju 7 avri 2016,20,0,130,,
dju 7 avri 2016,21,0.51,130,,
dju 7 avri 2016,22,0,130,,
dju 7 avri 2016,23,0,130,,
dim 1 may 2016,00,0,130,,
dim 1 may 2016,01,0,130,,
dim 1 may 2016,02,0,130,,
dim 1 may 2016,03,0,130,,
dim 1 may 2016,04,0,130,,
dim 1 may 2016,05,0,130,,
dim 1 may 2016,06,0,130,,
dim 1 may 2016,07,0,130,,
dim 1 may 2016,08,0,130,,
dim 1 may 2016,09,0,130,,
dim 1 may 2016,10,0,130,,
dim 1 may 2016,11,0,130,,
dim 1 may 2016,12,0,130,,
dim 1 may 2016,13,0,130,,
dim 1 may 2016,14,0,130,,
dim 1 may 2016,15,0,130,,
dim 1 may 2016,16,0,130,,
dim 1 may 2016,17,0,130,,
dim 1 may 2016,18,0,130,,
dim 1 may 2016,19,0,130,,
dim 1 may 2016,20,0,130,,
dim 1 may 2016,21,0,130,,
dim 1 may 2016,22,0,130,,
dim 1 may 2016,23,0,130,,
lon 2 may 2016,00,0,130,,
lon 2 may 2016,01,0,130,,
lon 2 may 2016,02,0,130,,
lon 2 may 2016,03,0,130,,
lon 2 may 2016,04,0,130,,
lon 2 may 2016,05,0,130,,
lon 2 may 2016,06,0,130,,
lon 2 may 2016,07,0,130,,
lon 2 may 2016,08,0,130,,
lon 2 may 2016,09,0,130,,
lon 2 may 2016,10,0,130,,
lon 2 may 2016,11,0,130,,
lon 2 may 2016,12,0,130,,
lon 2 may 2016,13,0,130,,
lon 2 may 2016,14,0,130,,
lon 2 may 2016,15,0,130,,
lon 2 may 2016,16,0,130,,
lon 2 may 2016,17,0,130,,
lon 2 may 2016,18,0,130,,
lon 2 may 2016,19,0,130,,
lon 2 may 2016,20,0,130,,
lon 2 may 2016,21,0,130,,
lon 2 may 2016,22,0.03,130,,
lon 2 may 2016,23,1.71,130,,
mår 3 may 2016,00,2.12,130,,
mår 3 may 2016,01,0.05,130,,
mår 3 may 2016,02,0,130,,
mår 3 may 2016,03,0,130,,
mår 3 may 2016,04,0,130,,
mår 3 may 2016,05,0,130,,
mår 3 may 2016,06,0,130,,
mår 3 may 2016,07,0,130,,
mår 3 may 2016,08,0,130,,
mår 3 may 2016,09,0,130,,
mår 3 may 2016,10,0,130,,
mår 3 may 2016,11,0,130,,
mår 3 may 2016,12,0,130,,
mår 3 may 2016,13,0,130,,
mår 3 may 2016,14,0,130,,
mår 3 may 2016,15,0,130,,
mår 3 may 2016,16,0,130,,
mår 3 may 2016,17,0,130,,
mår 3 may 2016,18,0,130,,
mår 3 may 2016,19,0,130,,
mår 3 may 2016,20,0,130,,
mår 3 may 2016,21,0,130,,
mår 3 may 2016,22,0,130,,
mår 3 may 2016,23,0,130,,
mie 4 may 2016,00,0,130,,
mie 4 may 2016,01,0,130,,
mie 4 may 2016,02,0,130,,
mie 4 may 2016,03,0,130,,
mie 4 may 2016,04,0,130,,
mie 4 may 2016,05,0,130,,
mie 4 may 2016,06,0,130,,
mie 4 may 2016,07,0,130,,
mie 4 may 2016,08,0,130,,
mie 4 may 2016,09,0,130,,
mie 4 may 2016,10,0,130,,
mie 4 may 2016,11,0,130,,
mie 4 may 2016,12,0,130,,
mie 4 may 2016,13,0,130,,
mie 4 may 2016,14,0,130,,
mie 4 may 2016,15,0,130,,
mie 4 may 2016,16,0,130,,
mie 4 may 2016,17,0,130,,
mie 4 may 2016,18,0,130,,
mie 4 may 2016,19,0,130,,
mie 4 may 2016,20,0,130,,
mie 4 may 2016,21,0,130,,
mie 4 may 2016,22,0,130,,
mie 4 may 2016,23,0,130,,
dju 5 may 2016,00,0,130,,
dju 5 may 2016,01,0,130,,
dju 5 may 2016,02,0,130,,
dju 5 may 2016,03,0,130,,
dju 5 may 2016,04,0,130,,
dju 5 may 2016,05,0,130,,
dju 5 may 2016,06,0,130,,
dju 5 may 2016,07,0,130,,
dju 5 may 2016,08,0,130,,
dju 5 may 2016,09,0,130,,
dju 5 may 2016,10,0,130,,
dju 5 may 2016,11,0,130,,
dju 5 may 2016,12,0,130,,
dju 5 may 2016,13,0,130,,
dju 5 may 2016,14,0,130,,
dju 5 may 2016,15,0,130,,
dju 5 may 2016,16,0,130,,
dju 5 may 2016,17,0,130,,
dju 5 may 2016,18,0,130,,
dju 5 may 2016,19,0,130,,
dju 5 may 2016,20,0,130,,
dju 5 may 2016,21,0,130,,
dju 5 may 2016,22,0,130,,
dju 5 may 2016,23,0,130,,
vén 6 may 2016,00,0,130,,
vén 6 may 2016,01,0,130,,
vén 6 may 2016,02,0,130,,
vén 6 may 2016,03,0,130,,
vén 6 may 2016,04,0,130,,
vén 6 may 2016,05,0,130,,
vén 6 may 2016,06,0,130,,
vén 6 may 2016,07,0,130,,
vén 6 may 2016,08,0,130,,
vén 6 may 2016,09,0,130,,
vén 6 may 2016,10,0,130,,
vén 6 may 2016,11,0,130,,
vén 6 may 2016,12,0,130,,
vén 6 may 2016,13,0,130,,
vén 6 may 2016,14,0,130,,
vén 6 may 2016,15,0,130,,
vén 6 may 2016,16,0,130,,
vén 6 may 2016,17,0,130,,
vén 6 may 2016,18,0,130,,
vén 6 may 2016,19,0,130,,
vén 6 may 2016,20,0,130,,
vén 6 may 2016,21,0,130,,
vén 6 may 2016,22,0,130,,
vén 6 may 2016,23,0,130,,
sem 7 may 2016,00,0,130,,
sem 7 may 2016,01,0,130,,
sem 7 may 2016,02,0,130,,
sem 7 may 2016,03,0,130,,
sem 7 may 2016,04,0,130,,
sem 7 may 2016,05,0,130,,
sem 7 may 2016,06,0,130,,
sem 7 may 2016,07,0,130,,
sem 7 may 2016,08,0,130,,
sem 7 may 2016,09,0,130,,
sem 7 may 2016,10,0,130,,
sem 7 may 2016,11,0,130,,
sem 7 may 2016,12,0,130,,
sem 7 may 2016,13,0,130,,
sem 7 may 2016,14,0,130,,
sem 7 may 2016,15,0,130,,
sem 7 may 2016,16,0,130,,
sem 7 may 2016,17,0,130,,
sem 7 may 2016,18,0,130,,
sem 7 may 2016,19,0,130,,
sem 7 may 2016,20,0,130,,
sem 7 may 2016,21,0,130,,
sem 7 may 2016,22,0,130,,
sem 7 may 2016,23,0,130,,
mie 1 djun 2016,00,0,130,,
mie 1 djun 2016,01,0,130,,
mie 1 djun 2016,02,0,130,,
mie 1 djun 2016,03,0,130,,
mie 1 djun 2016,04,0.03,130,,
mie 1 djun 2016,05,0,130,,
mie 1 djun 2016,06,0,130,,
mie 1 djun 2016,07,0,130,,
mie 1 djun 2016,08,0,130,,
mie 1 djun 2016,09,0,130,,
mie 1 djun 2016,10,0,130,,
mie 1 djun 2016,11,0,130,,
mie 1 djun 2016,12,1.94,130,,
mie 1 djun 2016,13,0,130,,
mie 1 djun 2016,14,0,130,,
mie 1 djun 2016,15,0,130,,
mie 1 djun 2016,16,0,130,,
mie 1 djun 2016,17,0,130,,
mie 1 djun 2016,18,0,130,,
mie 1 djun 2016,19,0,130,,
mie 1 djun 2016,20,0,130,,
mie 1 djun 2016,21,0,130,,
mie 1 djun 2016,22,0,130,,
mie 1 djun 2016,23,0,130,,
dju 2 djun 2016,00,0.14,130,,
dju 2 djun 2016,01,0.55,130,,
dju 2 djun 2016,02,0.66,130,,
dju 2 djun 2016,03,0.39,130,,
dju 2 djun 2016,04,0.03,130,,
dju 2 djun 2016,05,0,130,,
dju 2 djun 2016,06,0,130,,
dju 2 djun 2016,07,0,130,,
dju 2 djun 2016,08,0,130,,
dju 2 djun 2016,09,0,130,,
dju 2 djun 2016,10,0,130,,
dju 2 djun 2016,11,0,130,,
dju 2 djun 2016,12,0.27,130,,
dju 2 djun 2016,13,1.93,130,,
dju 2 djun 2016,14,1.83,130,,
dju 2 djun 2016,15,0.03,130,,
dju 2 djun 2016,16,0.06,130,,
dju 2 djun 2016,17,0.16,130,,
dju 2 djun 2016,18,0,130,,
dju 2 djun 2016,19,0,130,,
dju 2 djun 2016,20,0.16,130,,
dju 2 djun 2016,21,0.14,130,,
dju 2 djun 2016,22,0.09,130,,
dju 2 djun 2016,23,0,130,,
vén 3 djun 2016,00,0,130,,
vén 3 djun 2016,01,0,130,,
vén 3 djun 2016,02,0,130,,
vén 3 djun 2016,03,1.05,130,,
vén 3 djun 2016,04,0.28,130,,
vén 3 djun 2016,05,0.21,130,,
vén 3 djun 2016,06,3.85,130,,
vén 3 djun 2016,07,3.46,130,,
vén 3 djun 2016,08,0,130,,
vén 3 djun 2016,09,0,130,,
vén 3 djun 2016,10,0.07,130,,
vén 3 djun 2016,11,0,130,,
vén 3 djun 2016,12,0,130,,
vén 3 djun 2016,13,0,130,,
vén 3 djun 2016,14,0,130,,
vén 3 djun 2016,15,0,130,,
vén 3 djun 2016,16,0,130,,
vén 3 djun 2016,17,0,130,,
vén 3 djun 2016,18,0,130,,
vén 3 djun 2016,19,0,130,,
vén 3 djun 2016,20,0,130,,
vén 3 djun 2016,21,0,130,,
vén 3 djun 2016,22,0,130,,
vén 3 djun 2016,23,0,130,,
sem 4 djun 2016,00,0,130,,
sem 4 djun 2016,01,0,130,,
sem 4 djun 2016,02,0,130,,
sem 4 djun 2016,03,0.03,130,,
sem 4 djun 2016,04,0,130,,
sem 4 djun 2016,05,0,130,,
sem 4 djun 2016,06,0,130,,
sem 4 djun 2016,07,0,130,,
sem 4 djun 2016,08,0,130,,
sem 4 djun 2016,09,0,130,,
sem 4 djun 2016,10,0,130,,
sem 4 djun 2016,11,0,130,,
sem 4 djun 2016,12,0,130,,
sem 4 djun 2016,13,0,130,,
sem 4 djun 2016,14,0,130,,
sem 4 djun 2016,15,0,130,,
sem 4 djun 2016,16,0,130,,
sem 4 djun 2016,17,0,130,,
sem 4 djun 2016,18,0,130,,
sem 4 djun 2016,19,0,130,,
sem 4 djun 2016,20,0,130,,
sem 4 djun 2016,21,0,130,,
sem 4 djun 2016,22,0,130,,
sem 4 djun 2016,23,0,130,,
dim 5 djun 2016,00,0,130,,
dim 5 djun 2016,01,0,130,,
dim 5 djun 2016,02,0,130,,
dim 5 djun 2016,03,0,130,,
dim 5 djun 2016,04,0,130,,
dim 5 djun 2016,05,0,130,,
dim 5 djun 2016,06,0,130,,
dim 5 djun 2016,07,0,130,,
dim 5 djun 2016,08,0.85,130,,
dim 5 djun 2016,09,0.05,130,,
dim 5 djun 2016,10,0,130,,
dim 5 djun 2016,11,0,130,,
dim 5 djun 2016,12,0,130,,
dim 5 djun 2016,13,0,130,,
dim 5 djun 2016,14,0,130,,
dim 5 djun 2016,15,0,130,,
dim 5 djun 2016,16,0,130,,
dim 5 djun 2016,17,0,130,,
dim 5 djun 2016,18,0,130,,
dim 5 djun 2016,19,0,130,,
dim 5 djun 2016,20,0,130,,
dim 5 djun 2016,21,0,130,,
dim 5 djun 2016,22,0,130,,
dim 5 djun 2016,23,0,130,,
lon 6 djun 2016,00,0,130,,
lon 6 djun 2016,01,0,130,,
lon 6 djun 2016,02,0,130,,
lon 6 djun 2016,03,0,130,,
lon 6 djun 2016,04,0,130,,
lon 6 djun 2016,05,0,130,,
lon 6 djun 2016,06,0.03,130,,
lon 6 djun 2016,07,0,130,,
lon 6 djun 2016,08,0,130,,
lon 6 djun 2016,09,0,130,,
lon 6 djun 2016,10,0,130,,
lon 6 djun 2016,11,0,130,,
lon 6 djun 2016,12,0,130,,
lon 6 djun 2016,13,0,130,,
lon 6 djun 2016,14,0,130,,
lon 6 djun 2016,15,0,130,,
lon 6 djun 2016,16,0,130,,
lon 6 djun 2016,17,0,130,,
lon 6 djun 2016,18,0,130,,
lon 6 djun 2016,19,0,130,,
lon 6 djun 2016,20,0,130,,
lon 6 djun 2016,21,0,130,,
lon 6 djun 2016,22,0,130,,
lon 6 djun 2016,23,0,130,,
mår 7 djun 2016,00,0,130,,
mår 7 djun 2016,01,0,130,,
mår 7 djun 2016,02,0,130,,
mår 7 djun 2016,03,0,130,,
mår 7 djun 2016,04,0,130,,
mår 7 djun 2016,05,0,130,,
mår 7 djun 2016,06,0,130,,
mår 7 djun 2016,07,0,130,,
mår 7 djun 2016,08,0,130,,
mår 7 djun 2016,09,0,130,,
mår 7 djun 2016,10,0,130,,
mår 7 djun 2016,11,0,130,,
mår 7 djun 2016,12,0,130,,
mår 7 djun 2016,13,0,130,,
mår 7 djun 2016,14,0,130,,
mår 7 djun 2016,15,0,130,,
mår 7 djun 2016,16,0,130,,
mår 7 djun 2016,17,0,130,,
mår 7 djun 2016,18,0,130,,
mår 7 djun 2016,19,0,130,,
mår 7 djun 2016,20,0,130,,
mår 7 djun 2016,21,0.27,130,,
mår 7 djun 2016,22,0,130,,
mår 7 djun 2016,23,0,130,,
vén 1 djulete 2016,00,0,130,,
vén 1 djulete 2016,01,0,130,,
vén 1 djulete 2016,02,0,130,,
vén 1 djulete 2016,03,0.05,130,,
vén 1 djulete 2016,04,0,130,,
vén 1 djulete 2016,05,0,130,,
vén 1 djulete 2016,06,0,130,,
vén 1 djulete 2016,07,0,130,,
vén 1 djulete 2016,08,0,130,,
vén 1 djulete 2016,09,0,130,,
vén 1 djulete 2016,10,0,130,,
vén 1 djulete 2016,11,0,130,,
vén 1 djulete 2016,12,0,130,,
vén 1 djulete 2016,13,0,130,,
vén 1 djulete 2016,14,0,130,,
vén 1 djulete 2016,15,0,130,,
vén 1 djulete 2016,16,0,130,,
vén 1 djulete 2016,17,1.1,130,,
vén 1 djulete 2016,18,0.15,130,,
vén 1 djulete 2016,19,0.19,130,,
vén 1 djulete 2016,20,0,130,,
vén 1 djulete 2016,21,0,130,,
vén 1 djulete 2016,22,0,130,,
vén 1 djulete 2016,23,0,130,,
sem 2 djulete 2016,00,0,130,,
sem 2 djulete 2016,01,0,130,,
sem 2 djulete 2016,02,0,130,,
sem 2 djulete 2016,03,0,130,,
sem 2 djulete 2016,04,0.08,130,,
sem 2 djulete 2016,05,0.16,130,,
sem 2 djulete 2016,06,0.42,130,,
sem 2 djulete 2016,07,0,130,,
sem 2 djulete 2016,08,0,130,,
sem 2 djulete 2016,09,0,130,,
sem 2 djulete 2016,10,0,130,,
sem 2 djulete 2016,11,0,130,,
sem 2 djulete 2016,12,0,130,,
sem 2 djulete 2016,13,0,130,,
sem 2 djulete 2016,14,0,130,,
sem 2 djulete 2016,15,0,130,,
sem 2 djulete 2016,16,0,130,,
sem 2 djulete 2016,17,0,130,,
sem 2 djulete 2016,18,0,130,,
sem 2 djulete 2016,19,0,130,,
sem 2 djulete 2016,20,0,130,,
sem 2 djulete 2016,21,0,130,,
sem 2 djulete 2016,22,0,130,,
sem 2 djulete 2016,23,0,130,,
dim 3 djulete 2016,00,0,130,,
dim 3 djulete 2016,01,0,130,,
dim 3 djulete 2016,02,0,130,,
dim 3 djulete 2016,03,0,130,,
dim 3 djulete 2016,04,0,130,,
dim 3 djulete 2016,05,0.16,130,,
dim 3 djulete 2016,06,0.77,130,,
dim 3 djulete 2016,07,1.55,130,,
dim 3 djulete 2016,08,0,130,,
dim 3 djulete 2016,09,0,130,,
dim 3 djulete 2016,10,0,130,,
dim 3 djulete 2016,11,0,130,,
dim 3 djulete 2016,12,0,130,,
dim 3 djulete 2016,13,0,130,,
dim 3 djulete 2016,14,0,130,,
dim 3 djulete 2016,15,0,130,,
dim 3 djulete 2016,16,0,130,,
dim 3 djulete 2016,17,0,130,,
dim 3 djulete 2016,18,0,130,,
dim 3 djulete 2016,19,0,130,,
dim 3 djulete 2016,20,0,130,,
dim 3 djulete 2016,21,0,130,,
dim 3 djulete 2016,22,0,130,,
dim 3 djulete 2016,23,0,130,,
lon 4 djulete 2016,00,0,130,,
lon 4 djulete 2016,01,0,130,,
lon 4 djulete 2016,02,0,130,,
lon 4 djulete 2016,03,0,130,,
lon 4 djulete 2016,04,0,130,,
lon 4 djulete 2016,05,0,130,,
lon 4 djulete 2016,06,0,130,,
lon 4 djulete 2016,07,0,130,,
lon 4 djulete 2016,08,0,130,,
lon 4 djulete 2016,09,0,130,,
lon 4 djulete 2016,10,0,130,,
lon 4 djulete 2016,11,0,130,,
lon 4 djulete 2016,12,0,130,,
lon 4 djulete 2016,13,0,130,,
lon 4 djulete 2016,14,0,130,,
lon 4 djulete 2016,15,0,130,,
lon 4 djulete 2016,16,0,130,,
lon 4 djulete 2016,17,0,130,,
lon 4 djulete 2016,18,0,130,,
lon 4 djulete 2016,19,0,130,,
lon 4 djulete 2016,20,0,130,,
lon 4 djulete 2016,21,0,130,,
lon 4 djulete 2016,22,0,130,,
lon 4 djulete 2016,23,0,130,,
mår 5 djulete 2016,00,0,130,,
mår 5 djulete 2016,01,0,130,,
mår 5 djulete 2016,02,0,130,,
mår 5 djulete 2016,03,0,130,,
mår 5 djulete 2016,04,0,130,,
mår 5 djulete 2016,05,0,130,,
mår 5 djulete 2016,06,0,130,,
mår 5 djulete 2016,07,0,130,,
mår 5 djulete 2016,08,0.48,130,,
mår 5 djulete 2016,09,0,130,,
mår 5 djulete 2016,10,0,130,,
mår 5 djulete 2016,11,0,130,,
mår 5 djulete 2016,12,0,130,,
mår 5 djulete 2016,13,0,130,,
mår 5 djulete 2016,14,0,130,,
mår 5 djulete 2016,15,0,130,,
mår 5 djulete 2016,16,0,130,,
mår 5 djulete 2016,17,0,130,,
mår 5 djulete 2016,18,0,130,,
mår 5 djulete 2016,19,0,130,,
mår 5 djulete 2016,20,0,130,,
mår 5 djulete 2016,21,0,130,,
mår 5 djulete 2016,22,0,130,,
mår 5 djulete 2016,23,0,130,,
mie 6 djulete 2016,00,0,130,,
mie 6 djulete 2016,01,0,130,,
mie 6 djulete 2016,02,0,130,,
mie 6 djulete 2016,03,0,130,,
mie 6 djulete 2016,04,0,130,,
mie 6 djulete 2016,05,0,130,,
mie 6 djulete 2016,06,0,130,,
mie 6 djulete 2016,07,0,130,,
mie 6 djulete 2016,08,0,130,,
mie 6 djulete 2016,09,0,130,,
mie 6 djulete 2016,10,0,130,,
mie 6 djulete 2016,11,0,130,,
mie 6 djulete 2016,12,0,130,,
mie 6 djulete 2016,13,0,130,,
mie 6 djulete 2016,14,0,130,,
mie 6 djulete 2016,15,0,130,,
mie 6 djulete 2016,16,0,130,,
mie 6 djulete 2016,17,0,130,,
mie 6 djulete 2016,18,0,130,,
mie 6 djulete 2016,19,0,130,,
mie 6 djulete 2016,20,0,130,,
mie 6 djulete 2016,21,0,130,,
mie 6 djulete 2016,22,0,130,,
mie 6 djulete 2016,23,0,130,,
dju 7 djulete 2016,00,0,130,,
dju 7 djulete 2016,01,0,130,,
dju 7 djulete 2016,02,0,130,,
dju 7 djulete 2016,03,0,130,,
dju 7 djulete 2016,04,0,130,,
dju 7 djulete 2016,05,0,130,,
dju 7 djulete 2016,06,0,130,,
dju 7 djulete 2016,07,0,130,,
dju 7 djulete 2016,08,0,130,,
dju 7 djulete 2016,09,0,130,,
dju 7 djulete 2016,10,0,130,,
dju 7 djulete 2016,11,0,130,,
dju 7 djulete 2016,12,0,130,,
dju 7 djulete 2016,13,0,130,,
dju 7 djulete 2016,14,0,130,,
dju 7 djulete 2016,15,0,130,,
dju 7 djulete 2016,16,0,130,,
dju 7 djulete 2016,17,0,130,,
dju 7 djulete 2016,18,0,130,,
dju 7 djulete 2016,19,0,130,,
dju 7 djulete 2016,20,0,130,,
dju 7 djulete 2016,21,0,130,,
dju 7 djulete 2016,22,0,130,,
dju 7 djulete 2016,23,0,130,,
lon 1 awousse 2016,00,0,130,,
lon 1 awousse 2016,01,0,130,,
lon 1 awousse 2016,02,0,130,,
lon 1 awousse 2016,03,0,130,,
lon 1 awousse 2016,04,0,130,,
lon 1 awousse 2016,05,0,130,,
lon 1 awousse 2016,06,0,130,,
lon 1 awousse 2016,07,0,130,,
lon 1 awousse 2016,08,0,130,,
lon 1 awousse 2016,09,0,130,,
lon 1 awousse 2016,10,0,130,,
lon 1 awousse 2016,11,0,130,,
lon 1 awousse 2016,12,0,130,,
lon 1 awousse 2016,13,0,130,,
lon 1 awousse 2016,14,0,130,,
lon 1 awousse 2016,15,0,130,,
lon 1 awousse 2016,16,0,130,,
lon 1 awousse 2016,17,0,130,,
lon 1 awousse 2016,18,0,130,,
lon 1 awousse 2016,19,0,130,,
lon 1 awousse 2016,20,0,130,,
lon 1 awousse 2016,21,0,130,,
lon 1 awousse 2016,22,0,130,,
lon 1 awousse 2016,23,0,130,,
mår 2 awousse 2016,00,0.03,130,,
mår 2 awousse 2016,01,0.14,130,1.14,
mår 2 awousse 2016,02,0.91,130,1.91,
mår 2 awousse 2016,03,1.55,130,2.55,
mår 2 awousse 2016,04,0.6,130,1.6,
mår 2 awousse 2016,05,0.85,130,,
mår 2 awousse 2016,06,1.21,130,2.23,
mår 2 awousse 2016,07,0.58,130,1.6,
mår 2 awousse 2016,08,0.33,130,1.23,
mår 2 awousse 2016,09,1.01,130,2.03,
mår 2 awousse 2016,10,0.34,130,1.37,
mår 2 awousse 2016,11,,-1,,
mår 2 awousse 2016,12,,-1,,
mår 2 awousse 2016,13,0,130,,
mår 2 awousse 2016,14,0.08,130,,
mår 2 awousse 2016,15,0.03,130,,
mår 2 awousse 2016,16,4.07,130,,
mår 2 awousse 2016,17,0.7,130,,
mår 2 awousse 2016,18,0.52,130,,
mår 2 awousse 2016,19,0.04,130,,
mår 2 awousse 2016,20,0.08,130,,
mår 2 awousse 2016,21,0,130,,
mår 2 awousse 2016,22,0.1,130,,
mår 2 awousse 2016,23,0,130,,
mie 3 awousse 2016,00,1.52,130,,
mie 3 awousse 2016,01,0.2,130,,
mie 3 awousse 2016,02,0.04,130,,
mie 3 awousse 2016,03,0,130,,
mie 3 awousse 2016,04,0.28,130,,
mie 3 awousse 2016,05,0.09,130,,
mie 3 awousse 2016,06,0.16,130,,
mie 3 awousse 2016,07,0.61,130,,
mie 3 awousse 2016,08,1.56,130,,
mie 3 awousse 2016,09,0.63,130,,
mie 3 awousse 2016,10,0.49,130,,
mie 3 awousse 2016,11,1.45,130,,
mie 3 awousse 2016,12,2.74,130,,
mie 3 awousse 2016,13,0,130,,
mie 3 awousse 2016,14,0.38,130,,
mie 3 awousse 2016,15,0,130,,
mie 3 awousse 2016,16,0,130,,
mie 3 awousse 2016,17,0,130,,
mie 3 awousse 2016,18,0,130,,
mie 3 awousse 2016,19,0,130,,
mie 3 awousse 2016,20,0,130,,
mie 3 awousse 2016,21,0,130,,
mie 3 awousse 2016,22,0,130,,
mie 3 awousse 2016,23,0,130,,
dju 4 awousse 2016,00,0,130,,
dju 4 awousse 2016,01,0,130,,
dju 4 awousse 2016,02,0,130,,
dju 4 awousse 2016,03,0,130,,
dju 4 awousse 2016,04,0,130,,
dju 4 awousse 2016,05,0,130,,
dju 4 awousse 2016,06,0,130,,
dju 4 awousse 2016,07,0,130,,
dju 4 awousse 2016,08,0,130,,
dju 4 awousse 2016,09,0,130,,
dju 4 awousse 2016,10,0,130,,
dju 4 awousse 2016,11,0,130,,
dju 4 awousse 2016,12,0,130,,
dju 4 awousse 2016,13,0,130,,
dju 4 awousse 2016,14,0,130,,
dju 4 awousse 2016,15,0,130,,
dju 4 awousse 2016,16,0,130,,
dju 4 awousse 2016,17,0,130,,
dju 4 awousse 2016,18,0,130,,
dju 4 awousse 2016,19,0,130,,
dju 4 awousse 2016,20,0,130,,
dju 4 awousse 2016,21,0,130,,
dju 4 awousse 2016,22,0,130,,
dju 4 awousse 2016,23,0,130,,
vén 5 awousse 2016,00,0,130,,
vén 5 awousse 2016,01,0,130,,
vén 5 awousse 2016,02,0,130,,
vén 5 awousse 2016,03,0,130,,
vén 5 awousse 2016,04,0,130,,
vén 5 awousse 2016,05,0,130,,
vén 5 awousse 2016,06,0,130,,
vén 5 awousse 2016,07,0,130,,
vén 5 awousse 2016,08,0,130,,
vén 5 awousse 2016,09,0,130,,
vén 5 awousse 2016,10,0,130,,
vén 5 awousse 2016,11,0,130,,
vén 5 awousse 2016,12,0,130,,
vén 5 awousse 2016,13,0,130,,
vén 5 awousse 2016,14,0,130,,
vén 5 awousse 2016,15,0,130,,
vén 5 awousse 2016,16,0,130,,
vén 5 awousse 2016,17,0,130,,
vén 5 awousse 2016,18,0,130,,
vén 5 awousse 2016,19,0,130,,
vén 5 awousse 2016,20,0,130,,
vén 5 awousse 2016,21,0,130,,
vén 5 awousse 2016,22,0,130,,
vén 5 awousse 2016,23,0,130,,
sem 6 awousse 2016,00,0,130,,
sem 6 awousse 2016,01,0,130,,
sem 6 awousse 2016,02,0,130,,
sem 6 awousse 2016,03,0,130,,
sem 6 awousse 2016,04,0,130,,
sem 6 awousse 2016,05,0,130,,
sem 6 awousse 2016,06,0,130,,
sem 6 awousse 2016,07,0,130,,
sem 6 awousse 2016,08,0,130,,
sem 6 awousse 2016,09,0,130,,
sem 6 awousse 2016,10,0,130,,
sem 6 awousse 2016,11,0,130,,
sem 6 awousse 2016,12,0,130,,
sem 6 awousse 2016,13,0,130,,
sem 6 awousse 2016,14,0,130,,
sem 6 awousse 2016,15,0,130,,
sem 6 awousse 2016,16,0,130,,
sem 6 awousse 2016,17,0,130,,
sem 6 awousse 2016,18,0,130,,
sem 6 awousse 2016,19,0,130,,
sem 6 awousse 2016,20,0,130,,
sem 6 awousse 2016,21,0,130,,
sem 6 awousse 2016,22,0,130,,
sem 6 awousse 2016,23,0,130,,
dim 7 awousse 2016,00,0,130,,
dim 7 awousse 2016,01,0,130,,
dim 7 awousse 2016,02,0,130,,
dim 7 awousse 2016,03,0,130,,
dim 7 awousse 2016,04,0,130,,
dim 7 awousse 2016,05,0,130,,
dim 7 awousse 2016,06,0,130,,
dim 7 awousse 2016,07,0,130,,
dim 7 awousse 2016,08,0,130,,
dim 7 awousse 2016,09,0,130,,
dim 7 awousse 2016,10,0,130,,
dim 7 awousse 2016,11,0,130,,
dim 7 awousse 2016,12,0,130,,
dim 7 awousse 2016,13,0,130,,
dim 7 awousse 2016,14,0,130,,
dim 7 awousse 2016,15,0,130,,
dim 7 awousse 2016,16,0,130,,
dim 7 awousse 2016,17,0,130,,
dim 7 awousse 2016,18,0,130,,
dim 7 awousse 2016,19,0,130,,
dim 7 awousse 2016,20,0,130,,
dim 7 awousse 2016,21,0,130,,
dim 7 awousse 2016,22,0,130,,
dim 7 awousse 2016,23,0,130,,
dju 1 setimbre 2016,00,0,130,,
dju 1 setimbre 2016,01,0,130,,
dju 1 setimbre 2016,02,0,130,,
dju 1 setimbre 2016,03,0,130,,
dju 1 setimbre 2016,04,0,130,,
dju 1 setimbre 2016,05,0,130,,
dju 1 setimbre 2016,06,0,130,,
dju 1 setimbre 2016,07,0,130,,
dju 1 setimbre 2016,08,0,130,,
dju 1 setimbre 2016,09,0,130,,
dju 1 setimbre 2016,10,0,130,,
dju 1 setimbre 2016,11,0,130,,
dju 1 setimbre 2016,12,0,130,,
dju 1 setimbre 2016,13,0,130,,
dju 1 setimbre 2016,14,0,130,,
dju 1 setimbre 2016,15,0,130,,
dju 1 setimbre 2016,16,0,130,,
dju 1 setimbre 2016,17,0,130,,
dju 1 setimbre 2016,18,0,130,,
dju 1 setimbre 2016,19,0,130,,
dju 1 setimbre 2016,20,0,130,,
dju 1 setimbre 2016,21,0,130,,
dju 1 setimbre 2016,22,0,130,,
dju 1 setimbre 2016,23,0,130,,
vén 2 setimbre 2016,00,0,130,,
vén 2 setimbre 2016,01,0,130,,
vén 2 setimbre 2016,02,0,130,,
vén 2 setimbre 2016,03,0,130,,
vén 2 setimbre 2016,04,0,130,,
vén 2 setimbre 2016,05,0,130,,
vén 2 setimbre 2016,06,0,130,,
vén 2 setimbre 2016,07,0,130,,
vén 2 setimbre 2016,08,0,130,,
vén 2 setimbre 2016,09,0,130,,
vén 2 setimbre 2016,10,0,130,,
vén 2 setimbre 2016,11,0,130,,
vén 2 setimbre 2016,12,0,130,,
vén 2 setimbre 2016,13,0,130,,
vén 2 setimbre 2016,14,0,130,,
vén 2 setimbre 2016,15,0,130,,
vén 2 setimbre 2016,16,0,130,,
vén 2 setimbre 2016,17,0,130,,
vén 2 setimbre 2016,18,1.33,130,2.44,
vén 2 setimbre 2016,19,0.3,130,2.4,
vén 2 setimbre 2016,20,0.19,130,2.29,
vén 2 setimbre 2016,21,0,130,,
vén 2 setimbre 2016,22,0,130,,
vén 2 setimbre 2016,23,0,130,,
sem 3 setimbre 2016,00,0,130,,
sem 3 setimbre 2016,01,0,130,,
sem 3 setimbre 2016,02,0,130,,
sem 3 setimbre 2016,03,0,130,,
sem 3 setimbre 2016,04,0,130,,
sem 3 setimbre 2016,05,0,130,,
sem 3 setimbre 2016,06,0,130,,
sem 3 setimbre 2016,07,0,130,,
sem 3 setimbre 2016,08,0,130,,
sem 3 setimbre 2016,09,0,130,,
sem 3 setimbre 2016,10,0,130,,
sem 3 setimbre 2016,11,0,130,,
sem 3 setimbre 2016,12,0,130,,
sem 3 setimbre 2016,13,0,130,,
sem 3 setimbre 2016,14,0,130,,
sem 3 setimbre 2016,15,0,130,,
sem 3 setimbre 2016,16,0,130,,
sem 3 setimbre 2016,17,0,130,,
sem 3 setimbre 2016,18,0,130,,
sem 3 setimbre 2016,19,0,130,,
sem 3 setimbre 2016,20,0,130,,
sem 3 setimbre 2016,21,0,130,,
sem 3 setimbre 2016,22,0,130,,
sem 3 setimbre 2016,23,0.04,130,,
dim 4 setimbre 2016,00,0,130,,
dim 4 setimbre 2016,01,0.03,130,,
dim 4 setimbre 2016,02,0,130,,
dim 4 setimbre 2016,03,0,130,,
dim 4 setimbre 2016,04,0,130,,
dim 4 setimbre 2016,05,0,130,,
dim 4 setimbre 2016,06,0,130,,
dim 4 setimbre 2016,07,0.35,130,1.35,
dim 4 setimbre 2016,08,0.06,130,1.06,
dim 4 setimbre 2016,09,0,130,,
dim 4 setimbre 2016,10,0,130,,
dim 4 setimbre 2016,11,0,130,,
dim 4 setimbre 2016,12,0,130,,
dim 4 setimbre 2016,13,0,130,,
dim 4 setimbre 2016,14,0,130,,
dim 4 setimbre 2016,15,0,130,,
dim 4 setimbre 2016,16,0,130,,
dim 4 setimbre 2016,17,0,130,,
dim 4 setimbre 2016,18,0,130,,
dim 4 setimbre 2016,19,0,130,,
dim 4 setimbre 2016,20,0,130,,
dim 4 setimbre 2016,21,0,130,,
dim 4 setimbre 2016,22,0,130,,
dim 4 setimbre 2016,23,0,130,,
lon 5 setimbre 2016,00,0,130,,
lon 5 setimbre 2016,01,0,130,,
lon 5 setimbre 2016,02,0,130,,
lon 5 setimbre 2016,03,0,130,,
lon 5 setimbre 2016,04,0,130,,
lon 5 setimbre 2016,05,0,130,,
lon 5 setimbre 2016,06,0,130,,
lon 5 setimbre 2016,07,0,130,,
lon 5 setimbre 2016,08,0,130,,
lon 5 setimbre 2016,09,0,130,,
lon 5 setimbre 2016,10,0,130,,
lon 5 setimbre 2016,11,0,130,,
lon 5 setimbre 2016,12,0,130,,
lon 5 setimbre 2016,13,0,130,,
lon 5 setimbre 2016,14,0,130,,
lon 5 setimbre 2016,15,0,130,,
lon 5 setimbre 2016,16,0,130,,
lon 5 setimbre 2016,17,0,130,,
lon 5 setimbre 2016,18,0,130,,
lon 5 setimbre 2016,19,0,130,,
lon 5 setimbre 2016,20,0,130,,
lon 5 setimbre 2016,21,0,130,,
lon 5 setimbre 2016,22,0,130,,
lon 5 setimbre 2016,23,0,130,,
mår 6 setimbre 2016,00,0.03,130,,
mår 6 setimbre 2016,01,0,130,,
mår 6 setimbre 2016,02,0,130,,
mår 6 setimbre 2016,03,0,130,,
mår 6 setimbre 2016,04,0,130,,
mår 6 setimbre 2016,05,0,130,,
mår 6 setimbre 2016,06,0,130,,
mår 6 setimbre 2016,07,0,130,,
mår 6 setimbre 2016,08,0,130,,
mår 6 setimbre 2016,09,0,130,,
mår 6 setimbre 2016,10,0,130,,
mår 6 setimbre 2016,11,0,130,,
mår 6 setimbre 2016,12,0,130,,
mår 6 setimbre 2016,13,0,130,,
mår 6 setimbre 2016,14,0,130,,
mår 6 setimbre 2016,15,0,130,,
mår 6 setimbre 2016,16,0,130,,
mår 6 setimbre 2016,17,0,130,,
mår 6 setimbre 2016,18,0,130,,
mår 6 setimbre 2016,19,0,130,,
mår 6 setimbre 2016,20,0,130,,
mår 6 setimbre 2016,21,0,130,,
mår 6 setimbre 2016,22,0,130,,
mår 6 setimbre 2016,23,0,130,,
mie 7 setimbre 2016,00,0,130,,
mie 7 setimbre 2016,01,0,130,,
mie 7 setimbre 2016,02,0,130,,
mie 7 setimbre 2016,03,0,130,,
mie 7 setimbre 2016,04,0,130,,
mie 7 setimbre 2016,05,0,130,,
mie 7 setimbre 2016,06,0,130,,
mie 7 setimbre 2016,07,0,130,,
mie 7 setimbre 2016,08,0,130,,
mie 7 setimbre 2016,09,0,130,,
mie 7 setimbre 2016,10,0,130,,
mie 7 setimbre 2016,11,0,130,,
mie 7 setimbre 2016,12,0,130,,
mie 7 setimbre 2016,13,0,130,,
mie 7 setimbre 2016,14,0,130,,
mie 7 setimbre 2016,15,0,130,,
mie 7 setimbre 2016,16,0,130,,
mie 7 setimbre 2016,17,0,130,,
mie 7 setimbre 2016,18,0,130,,
mie 7 setimbre 2016,19,0,130,,
mie 7 setimbre 2016,20,0,130,,
mie 7 setimbre 2016,21,0,130,,
mie 7 setimbre 2016,22,0,130,,
mie 7 setimbre 2016,23,0,130,,
sem 1 octôbe 2016,00,0,130,,
sem 1 octôbe 2016,01,0,130,,
sem 1 octôbe 2016,02,0,130,,
sem 1 octôbe 2016,03,0,130,,
sem 1 octôbe 2016,04,0,130,,
sem 1 octôbe 2016,05,0,130,,
sem 1 octôbe 2016,06,0,130,,
sem 1 octôbe 2016,07,0,130,,
sem 1 octôbe 2016,08,0,130,,
sem 1 octôbe 2016,09,0,130,,
sem 1 octôbe 2016,10,0,130,,
sem 1 octôbe 2016,11,0,130,,
sem 1 octôbe 2016,12,0,130,,
sem 1 octôbe 2016,13,0,130,,
sem 1 octôbe 2016,14,0,130,,
sem 1 octôbe 2016,15,0,130,,
sem 1 octôbe 2016,16,0,130,,
sem 1 octôbe 2016,17,0,130,,
sem 1 octôbe 2016,18,0.21,130,,
sem 1 octôbe 2016,19,0.04,130,,
sem 1 octôbe 2016,20,0.03,130,,
sem 1 octôbe 2016,21,0.05,130,,
sem 1 octôbe 2016,22,0.05,130,,
sem 1 octôbe 2016,23,0,130,,
dim 2 octôbe 2016,00,0,130,,
dim 2 octôbe 2016,01,0,130,,
dim 2 octôbe 2016,02,0,130,,
dim 2 octôbe 2016,03,0,130,,
dim 2 octôbe 2016,04,0.03,130,,
dim 2 octôbe 2016,05,1.45,130,,
dim 2 octôbe 2016,06,3.17,130,,
dim 2 octôbe 2016,07,1.04,130,,
dim 2 octôbe 2016,08,1.7,130,,
dim 2 octôbe 2016,09,0,130,,
dim 2 octôbe 2016,10,0.16,130,,
dim 2 octôbe 2016,11,4.1,130,,
dim 2 octôbe 2016,12,0.41,130,,
dim 2 octôbe 2016,13,1.76,130,,
dim 2 octôbe 2016,14,0.06,130,,
dim 2 octôbe 2016,15,0,130,,
dim 2 octôbe 2016,16,0,130,,
dim 2 octôbe 2016,17,0,130,,
dim 2 octôbe 2016,18,0,130,,
dim 2 octôbe 2016,19,1.49,130,,
dim 2 octôbe 2016,20,0,130,,
dim 2 octôbe 2016,21,0,130,,
dim 2 octôbe 2016,22,0,130,,
dim 2 octôbe 2016,23,0,130,,
lon 3 octôbe 2016,00,0,130,,
lon 3 octôbe 2016,01,0,130,,
lon 3 octôbe 2016,02,0,130,,
lon 3 octôbe 2016,03,0,130,,
lon 3 octôbe 2016,04,0,130,,
lon 3 octôbe 2016,05,0,130,,
lon 3 octôbe 2016,06,0,130,,
lon 3 octôbe 2016,07,0,130,,
lon 3 octôbe 2016,08,0,130,,
lon 3 octôbe 2016,09,0,130,,
lon 3 octôbe 2016,10,0,130,,
lon 3 octôbe 2016,11,0,130,,
lon 3 octôbe 2016,12,0.13,130,,
lon 3 octôbe 2016,13,0,130,,
lon 3 octôbe 2016,14,0,130,,
lon 3 octôbe 2016,15,0,130,,
lon 3 octôbe 2016,16,0,130,,
lon 3 octôbe 2016,17,0,130,,
lon 3 octôbe 2016,18,0,130,,
lon 3 octôbe 2016,19,0,130,,
lon 3 octôbe 2016,20,0,130,,
lon 3 octôbe 2016,21,0,130,,
lon 3 octôbe 2016,22,0,130,,
lon 3 octôbe 2016,23,0,130,,
mår 4 octôbe 2016,00,0,130,,
mår 4 octôbe 2016,01,0,130,,
mår 4 octôbe 2016,02,0,130,,
mår 4 octôbe 2016,03,0,130,,
mår 4 octôbe 2016,04,0,130,,
mår 4 octôbe 2016,05,0,130,,
mår 4 octôbe 2016,06,0,130,,
mår 4 octôbe 2016,07,0,130,,
mår 4 octôbe 2016,08,0,130,,
mår 4 octôbe 2016,09,0,130,,
mår 4 octôbe 2016,10,0,130,,
mår 4 octôbe 2016,11,0,130,,
mår 4 octôbe 2016,12,0,130,,
mår 4 octôbe 2016,13,0,130,,
mår 4 octôbe 2016,14,0,130,,
mår 4 octôbe 2016,15,0,130,,
mår 4 octôbe 2016,16,0,130,,
mår 4 octôbe 2016,17,0,130,,
mår 4 octôbe 2016,18,0,130,,
mår 4 octôbe 2016,19,0,130,,
mår 4 octôbe 2016,20,0,130,,
mår 4 octôbe 2016,21,0,130,,
mår 4 octôbe 2016,22,0,130,,
mår 4 octôbe 2016,23,0,130,,
mie 5 octôbe 2016,00,0,130,,
mie 5 octôbe 2016,01,0,130,,
mie 5 octôbe 2016,02,0,130,,
mie 5 octôbe 2016,03,0,130,,
mie 5 octôbe 2016,04,0,130,,
mie 5 octôbe 2016,05,0,130,,
mie 5 octôbe 2016,06,0,130,,
mie 5 octôbe 2016,07,0,130,,
mie 5 octôbe 2016,08,0,130,,
mie 5 octôbe 2016,09,0,130,,
mie 5 octôbe 2016,10,0,130,,
mie 5 octôbe 2016,11,0,130,,
mie 5 octôbe 2016,12,0,130,,
mie 5 octôbe 2016,13,0,130,,
mie 5 octôbe 2016,14,0,130,,
mie 5 octôbe 2016,15,0,130,,
mie 5 octôbe 2016,16,0,130,,
mie 5 octôbe 2016,17,0,130,,
mie 5 octôbe 2016,18,0,130,,
mie 5 octôbe 2016,19,0,130,,
mie 5 octôbe 2016,20,0,130,,
mie 5 octôbe 2016,21,0,130,,
mie 5 octôbe 2016,22,0,130,,
mie 5 octôbe 2016,23,0,130,,
dju 6 octôbe 2016,00,0,130,,
dju 6 octôbe 2016,01,0,130,,
dju 6 octôbe 2016,02,0,130,,
dju 6 octôbe 2016,03,0,130,,
dju 6 octôbe 2016,04,0,130,,
dju 6 octôbe 2016,05,0,130,,
dju 6 octôbe 2016,06,0,130,,
dju 6 octôbe 2016,07,0,130,,
dju 6 octôbe 2016,08,0,130,,
dju 6 octôbe 2016,09,0,130,,
dju 6 octôbe 2016,10,0,130,,
dju 6 octôbe 2016,11,0,130,,
dju 6 octôbe 2016,12,0,130,,
dju 6 octôbe 2016,13,0,130,,
dju 6 octôbe 2016,14,0,130,,
dju 6 octôbe 2016,15,0,130,,
dju 6 octôbe 2016,16,0,130,,
dju 6 octôbe 2016,17,0,130,,
dju 6 octôbe 2016,18,0,130,,
dju 6 octôbe 2016,19,0,130,,
dju 6 octôbe 2016,20,0,130,,
dju 6 octôbe 2016,21,0,130,,
dju 6 octôbe 2016,22,0,130,,
dju 6 octôbe 2016,23,0,130,,
vén 7 octôbe 2016,00,0,130,,
vén 7 octôbe 2016,01,0,130,,
vén 7 octôbe 2016,02,0,130,,
vén 7 octôbe 2016,03,0,130,,
vén 7 octôbe 2016,04,0,130,,
vén 7 octôbe 2016,05,0,130,,
vén 7 octôbe 2016,06,0,130,,
vén 7 octôbe 2016,07,0,130,,
vén 7 octôbe 2016,08,0,130,,
vén 7 octôbe 2016,09,0,130,,
vén 7 octôbe 2016,10,0,130,,
vén 7 octôbe 2016,11,0,130,,
vén 7 octôbe 2016,12,0,130,,
vén 7 octôbe 2016,13,0,130,,
vén 7 octôbe 2016,14,0,130,,
vén 7 octôbe 2016,15,0,130,,
vén 7 octôbe 2016,16,0,130,,
vén 7 octôbe 2016,17,0,130,,
vén 7 octôbe 2016,18,0,130,,
vén 7 octôbe 2016,19,0,130,,
vén 7 octôbe 2016,20,0,130,,
vén 7 octôbe 2016,21,0,130,,
vén 7 octôbe 2016,22,0,130,,
vén 7 octôbe 2016,23,0,130,,
mår 1 nôvimbe 2016,00,0,130,,
mår 1 nôvimbe 2016,01,0,130,,
mår 1 nôvimbe 2016,02,0,130,,
mår 1 nôvimbe 2016,03,0,130,,
mår 1 nôvimbe 2016,04,0,130,,
mår 1 nôvimbe 2016,05,0,130,,
mår 1 nôvimbe 2016,06,0,130,,
mår 1 nôvimbe 2016,07,0,130,,
mår 1 nôvimbe 2016,08,0,130,,
mår 1 nôvimbe 2016,09,0,130,,
mår 1 nôvimbe 2016,10,0,130,,
mår 1 nôvimbe 2016,11,0,130,,
mår 1 nôvimbe 2016,12,0,130,,
mår 1 nôvimbe 2016,13,0,130,,
mår 1 nôvimbe 2016,14,0,130,,
mår 1 nôvimbe 2016,15,0,130,,
mår 1 nôvimbe 2016,16,0.2,130,,
mår 1 nôvimbe 2016,17,0.16,130,,
mår 1 nôvimbe 2016,18,0,130,,
mår 1 nôvimbe 2016,19,0,130,,
mår 1 nôvimbe 2016,20,0,130,,
mår 1 nôvimbe 2016,21,0,130,,
mår 1 nôvimbe 2016,22,0,130,,
mår 1 nôvimbe 2016,23,0,130,,
mie 2 nôvimbe 2016,00,0,130,,
mie 2 nôvimbe 2016,01,0,130,,
mie 2 nôvimbe 2016,02,0,130,,
mie 2 nôvimbe 2016,03,0,130,,
mie 2 nôvimbe 2016,04,0,130,,
mie 2 nôvimbe 2016,05,0,130,,
mie 2 nôvimbe 2016,06,0,130,,
mie 2 nôvimbe 2016,07,0,130,,
mie 2 nôvimbe 2016,08,0,130,,
mie 2 nôvimbe 2016,09,0,130,,
mie 2 nôvimbe 2016,10,0,130,,
mie 2 nôvimbe 2016,11,0,130,,
mie 2 nôvimbe 2016,12,0,130,,
mie 2 nôvimbe 2016,13,0,130,,
mie 2 nôvimbe 2016,14,0,130,,
mie 2 nôvimbe 2016,15,0,130,,
mie 2 nôvimbe 2016,16,0,130,,
mie 2 nôvimbe 2016,17,0,130,,
mie 2 nôvimbe 2016,18,0,130,,
mie 2 nôvimbe 2016,19,0,130,,
mie 2 nôvimbe 2016,20,0,130,,
mie 2 nôvimbe 2016,21,0,130,,
mie 2 nôvimbe 2016,22,0,130,,
mie 2 nôvimbe 2016,23,0,130,,
dju 3 nôvimbe 2016,00,0,130,,
dju 3 nôvimbe 2016,01,0,130,,
dju 3 nôvimbe 2016,02,0.37,130,,
dju 3 nôvimbe 2016,03,0,130,,
dju 3 nôvimbe 2016,04,0,130,,
dju 3 nôvimbe 2016,05,0,130,,
dju 3 nôvimbe 2016,06,0,130,,
dju 3 nôvimbe 2016,07,0,130,,
dju 3 nôvimbe 2016,08,0,130,,
dju 3 nôvimbe 2016,09,0,130,,
dju 3 nôvimbe 2016,10,0,130,,
dju 3 nôvimbe 2016,11,0,130,,
dju 3 nôvimbe 2016,12,0,130,,
dju 3 nôvimbe 2016,13,0,130,,
dju 3 nôvimbe 2016,14,0,130,,
dju 3 nôvimbe 2016,15,0,130,,
dju 3 nôvimbe 2016,16,0,130,,
dju 3 nôvimbe 2016,17,0,130,,
dju 3 nôvimbe 2016,18,0,130,,
dju 3 nôvimbe 2016,19,0,130,,
dju 3 nôvimbe 2016,20,0,130,,
dju 3 nôvimbe 2016,21,0,130,,
dju 3 nôvimbe 2016,22,0,130,,
dju 3 nôvimbe 2016,23,0,130,,
vén 4 nôvimbe 2016,00,0,130,,
vén 4 nôvimbe 2016,01,0,130,,
vén 4 nôvimbe 2016,02,0,130,,
vén 4 nôvimbe 2016,03,0,130,,
vén 4 nôvimbe 2016,04,0,130,,
vén 4 nôvimbe 2016,05,0,130,,
vén 4 nôvimbe 2016,06,0,130,,
vén 4 nôvimbe 2016,07,0,130,,
vén 4 nôvimbe 2016,08,0,130,,
vén 4 nôvimbe 2016,09,0,130,,
vén 4 nôvimbe 2016,10,0,130,,
vén 4 nôvimbe 2016,11,0,130,,
vén 4 nôvimbe 2016,12,0,130,,
vén 4 nôvimbe 2016,13,0,130,,
vén 4 nôvimbe 2016,14,0,130,,
vén 4 nôvimbe 2016,15,0,130,,
vén 4 nôvimbe 2016,16,0.05,130,,
vén 4 nôvimbe 2016,17,1.73,130,,
vén 4 nôvimbe 2016,18,0.55,130,,
vén 4 nôvimbe 2016,19,0.04,130,,
vén 4 nôvimbe 2016,20,0.45,130,,
vén 4 nôvimbe 2016,21,1.92,130,,
vén 4 nôvimbe 2016,22,0.41,130,,
vén 4 nôvimbe 2016,23,0.21,130,,
sem 5 nôvimbe 2016,00,0,130,,
sem 5 nôvimbe 2016,01,0,130,,
sem 5 nôvimbe 2016,02,0,130,,
sem 5 nôvimbe 2016,03,0,130,,
sem 5 nôvimbe 2016,04,0,130,,
sem 5 nôvimbe 2016,05,0,130,,
sem 5 nôvimbe 2016,06,0,130,,
sem 5 nôvimbe 2016,07,0,130,,
sem 5 nôvimbe 2016,08,0,130,,
sem 5 nôvimbe 2016,09,0,130,,
sem 5 nôvimbe 2016,10,0,130,,
sem 5 nôvimbe 2016,11,0,130,,
sem 5 nôvimbe 2016,12,0,130,,
sem 5 nôvimbe 2016,13,0,130,,
sem 5 nôvimbe 2016,14,0,130,,
sem 5 nôvimbe 2016,15,0.05,130,,
sem 5 nôvimbe 2016,16,0.24,130,,
sem 5 nôvimbe 2016,17,0.22,130,,
sem 5 nôvimbe 2016,18,0.75,130,,
sem 5 nôvimbe 2016,19,0,130,,
sem 5 nôvimbe 2016,20,0,130,,
sem 5 nôvimbe 2016,21,0,130,,
sem 5 nôvimbe 2016,22,0,130,,
sem 5 nôvimbe 2016,23,0,130,,
dim 6 nôvimbe 2016,00,0,130,,
dim 6 nôvimbe 2016,01,0,130,,
dim 6 nôvimbe 2016,02,0,130,,
dim 6 nôvimbe 2016,03,0,130,,
dim 6 nôvimbe 2016,04,0,130,,
dim 6 nôvimbe 2016,05,0,130,,
dim 6 nôvimbe 2016,06,0,130,,
dim 6 nôvimbe 2016,07,0,130,,
dim 6 nôvimbe 2016,08,0,130,,
dim 6 nôvimbe 2016,09,0,130,,
dim 6 nôvimbe 2016,10,0,130,,
dim 6 nôvimbe 2016,11,0,130,,
dim 6 nôvimbe 2016,12,0,130,,
dim 6 nôvimbe 2016,13,0,130,,
dim 6 nôvimbe 2016,14,0,130,,
dim 6 nôvimbe 2016,15,0.05,130,,
dim 6 nôvimbe 2016,16,1.01,130,,
dim 6 nôvimbe 2016,17,0.2,130,,
dim 6 nôvimbe 2016,18,1.24,130,,
dim 6 nôvimbe 2016,19,0.62,130,,
dim 6 nôvimbe 2016,20,3.37,130,,
dim 6 nôvimbe 2016,21,0,130,,
dim 6 nôvimbe 2016,22,0,130,,
dim 6 nôvimbe 2016,23,0,130,,
lon 7 nôvimbe 2016,00,0,130,,
lon 7 nôvimbe 2016,01,0.1,130,,
lon 7 nôvimbe 2016,02,0.04,130,,
lon 7 nôvimbe 2016,03,0.46,130,,
lon 7 nôvimbe 2016,04,0,130,,
lon 7 nôvimbe 2016,05,0,130,,
lon 7 nôvimbe 2016,06,0,130,,
lon 7 nôvimbe 2016,07,0.03,130,,
lon 7 nôvimbe 2016,08,0,130,,
lon 7 nôvimbe 2016,09,0,130,,
lon 7 nôvimbe 2016,10,0,130,,
lon 7 nôvimbe 2016,11,0,130,,
lon 7 nôvimbe 2016,12,0,130,,
lon 7 nôvimbe 2016,13,1.04,130,,
lon 7 nôvimbe 2016,14,0,130,,
lon 7 nôvimbe 2016,15,0,130,,
lon 7 nôvimbe 2016,16,0,130,,
lon 7 nôvimbe 2016,17,0,130,,
lon 7 nôvimbe 2016,18,0,130,,
lon 7 nôvimbe 2016,19,0.15,130,,
lon 7 nôvimbe 2016,20,0.9,130,,
lon 7 nôvimbe 2016,21,0.09,130,,
lon 7 nôvimbe 2016,22,0.54,130,,
lon 7 nôvimbe 2016,23,0,130,,
dju 1 decimbe 2016,00,0,130,,
dju 1 decimbe 2016,01,0,130,,
dju 1 decimbe 2016,02,0,130,,
dju 1 decimbe 2016,03,0,130,,
dju 1 decimbe 2016,04,0,130,,
dju 1 decimbe 2016,05,0,130,,
dju 1 decimbe 2016,06,0,130,,
dju 1 decimbe 2016,07,0,130,,
dju 1 decimbe 2016,08,0,130,,
dju 1 decimbe 2016,09,0,130,,
dju 1 decimbe 2016,10,0,130,,
dju 1 decimbe 2016,11,0,130,,
dju 1 decimbe 2016,12,0,130,,
dju 1 decimbe 2016,13,0,130,,
dju 1 decimbe 2016,14,0,130,,
dju 1 decimbe 2016,15,0,130,,
dju 1 decimbe 2016,16,0,130,,
dju 1 decimbe 2016,17,0,130,,
dju 1 decimbe 2016,18,0,130,,
dju 1 decimbe 2016,19,0,130,,
dju 1 decimbe 2016,20,0,130,,
dju 1 decimbe 2016,21,0,130,,
dju 1 decimbe 2016,22,0,130,,
dju 1 decimbe 2016,23,0,130,,
vén 2 decimbe 2016,00,0,130,,
vén 2 decimbe 2016,01,0,130,,
vén 2 decimbe 2016,02,0,130,,
vén 2 decimbe 2016,03,0,130,,
vén 2 decimbe 2016,04,0,130,,
vén 2 decimbe 2016,05,0,130,,
vén 2 decimbe 2016,06,0,130,,
vén 2 decimbe 2016,07,0,130,,
vén 2 decimbe 2016,08,0,130,,
vén 2 decimbe 2016,09,0,130,,
vén 2 decimbe 2016,10,0,130,,
vén 2 decimbe 2016,11,0,130,,
vén 2 decimbe 2016,12,0.03,130,,
vén 2 decimbe 2016,13,0.1,130,,
vén 2 decimbe 2016,14,0,130,,
vén 2 decimbe 2016,15,0,130,,
vén 2 decimbe 2016,16,0.24,130,,
vén 2 decimbe 2016,17,0,130,,
vén 2 decimbe 2016,18,0,130,,
vén 2 decimbe 2016,19,0,130,,
vén 2 decimbe 2016,20,0,130,,
vén 2 decimbe 2016,21,0,130,,
vén 2 decimbe 2016,22,0,130,,
vén 2 decimbe 2016,23,0,130,,
sem 3 decimbe 2016,00,0,130,,
sem 3 decimbe 2016,01,0,130,,
sem 3 decimbe 2016,02,0,130,,
sem 3 decimbe 2016,03,0,130,,
sem 3 decimbe 2016,04,0,130,,
sem 3 decimbe 2016,05,0,130,,
sem 3 decimbe 2016,06,0,130,,
sem 3 decimbe 2016,07,0,130,,
sem 3 decimbe 2016,08,0,130,,
sem 3 decimbe 2016,09,0,130,,
sem 3 decimbe 2016,10,0,130,,
sem 3 decimbe 2016,11,0,130,,
sem 3 decimbe 2016,12,0,130,,
sem 3 decimbe 2016,13,0,130,,
sem 3 decimbe 2016,14,0,130,,
sem 3 decimbe 2016,15,0,130,,
sem 3 decimbe 2016,16,0,130,,
sem 3 decimbe 2016,17,0,130,,
sem 3 decimbe 2016,18,0,130,,
sem 3 decimbe 2016,19,0,130,,
sem 3 decimbe 2016,20,0,130,,
sem 3 decimbe 2016,21,0,130,,
sem 3 decimbe 2016,22,0,130,,
sem 3 decimbe 2016,23,0,130,,
dim 4 decimbe 2016,00,0,130,,
dim 4 decimbe 2016,01,0,130,,
dim 4 decimbe 2016,02,0,130,,
dim 4 decimbe 2016,03,0,130,,
dim 4 decimbe 2016,04,0,130,,
dim 4 decimbe 2016,05,0,130,,
dim 4 decimbe 2016,06,0,130,,
dim 4 decimbe 2016,07,0,130,,
dim 4 decimbe 2016,08,0,130,,
dim 4 decimbe 2016,09,0,130,,
dim 4 decimbe 2016,10,0,130,,
dim 4 decimbe 2016,11,0,130,,
dim 4 decimbe 2016,12,0,130,,
dim 4 decimbe 2016,13,0,130,,
dim 4 decimbe 2016,14,0,130,,
dim 4 decimbe 2016,15,0,130,,
dim 4 decimbe 2016,16,0,130,,
dim 4 decimbe 2016,17,0,130,,
dim 4 decimbe 2016,18,0,130,,
dim 4 decimbe 2016,19,0,130,,
dim 4 decimbe 2016,20,0,130,,
dim 4 decimbe 2016,21,0,130,,
dim 4 decimbe 2016,22,0,130,,
dim 4 decimbe 2016,23,0,130,,
lon 5 decimbe 2016,00,0,130,,
lon 5 decimbe 2016,01,0,130,,
lon 5 decimbe 2016,02,0,130,,
lon 5 decimbe 2016,03,0,130,,
lon 5 decimbe 2016,04,0,130,,
lon 5 decimbe 2016,05,0,130,,
lon 5 decimbe 2016,06,0,130,,
lon 5 decimbe 2016,07,0,130,,
lon 5 decimbe 2016,08,0,130,,
lon 5 decimbe 2016,09,0,130,,
lon 5 decimbe 2016,10,0,130,,
lon 5 decimbe 2016,11,0,130,,
lon 5 decimbe 2016,12,0,130,,
lon 5 decimbe 2016,13,0,130,,
lon 5 decimbe 2016,14,0,130,,
lon 5 decimbe 2016,15,0,130,,
lon 5 decimbe 2016,16,0,130,,
lon 5 decimbe 2016,17,0,130,,
lon 5 decimbe 2016,18,0,130,,
lon 5 decimbe 2016,19,0,130,,
lon 5 decimbe 2016,20,0,130,,
lon 5 decimbe 2016,21,0,130,,
lon 5 decimbe 2016,22,0,130,,
lon 5 decimbe 2016,23,0,130,,
mår 6 decimbe 2016,00,0,130,,
mår 6 decimbe 2016,01,0,130,,
mår 6 decimbe 2016,02,0,130,,
mår 6 decimbe 2016,03,0,130,,
mår 6 decimbe 2016,04,0,130,,
mår 6 decimbe 2016,05,0,130,,
mår 6 decimbe 2016,06,0,130,,
mår 6 decimbe 2016,07,0,130,,
mår 6 decimbe 2016,08,0,130,,
mår 6 decimbe 2016,09,0,130,,
mår 6 decimbe 2016,10,0,130,,
mår 6 decimbe 2016,11,0,130,,
mår 6 decimbe 2016,12,0,130,,
mår 6 decimbe 2016,13,0,130,,
mår 6 decimbe 2016,14,0,130,,
mår 6 decimbe 2016,15,0,130,,
mår 6 decimbe 2016,16,0,130,,
mår 6 decimbe 2016,17,0,130,,
mår 6 decimbe 2016,18,0,130,,
mår 6 decimbe 2016,19,0,130,,
mår 6 decimbe 2016,20,0,130,,
mår 6 decimbe 2016,21,0,130,,
mår 6 decimbe 2016,22,0,130,,
mår 6 decimbe 2016,23,0,130,,
mie 7 decimbe 2016,00,0,130,,
mie 7 decimbe 2016,01,0,130,,
mie 7 decimbe 2016,02,0,130,,
mie 7 decimbe 2016,03,0,130,,
mie 7 decimbe 2016,04,0,130,,
mie 7 decimbe 2016,05,0,130,,
mie 7 decimbe 2016,06,0,130,,
mie 7 decimbe 2016,07,0,130,,
mie 7 decimbe 2016,08,0,130,,
mie 7 decimbe 2016,09,0,130,,
mie 7 decimbe 2016,10,0,130,,
mie 7 decimbe 2016,11,0,130,,
mie 7 decimbe 2016,12,0,130,,
mie 7 decimbe 2016,13,0,130,,
mie 7 decimbe 2016,14,0,130,,
mie 7 decimbe 2016,15,0,130,,
mie 7 decimbe 2016,16,0,130,,
mie 7 decimbe 2016,17,0,130,,
mie 7 decimbe 2016,18,0,130,,
mie 7 decimbe 2016,19,0,130,,
mie 7 decimbe 2016,20,0,130,,
mie 7 decimbe 2016,21,0,130,,
mie 7 decimbe 2016,22,0,130,,
mie 7 decimbe 2016,23,0,130,,
